id,name,symbol,slug,num_market_pairs,date_added,tags,max_supply,circulating_supply,total_supply,infinite_supply,platform,cmc_rank,self_reported_circulating_supply,self_reported_market_cap,tvl_ratio,last_updated,quote.USD.price,quote.USD.volume_24h,quote.USD.percent_change_1h,quote.USD.percent_change_24h,quote.USD.percent_change_7d,quote.USD.market_cap,quote.USD.last_updated,platform.id,platform.name,platform.symbol,platform.slug,platform.token_address
1,Bitcoin,BTC,bitcoin,11825,2010-07-13T00:00:00.000Z,"['mineable', 'pow', 'sha-256', 'store-of-value', 'state-channel', 'coinbase-ventures-portfolio', 'three-arrows-capital-portfolio', 'polychain-capital-portfolio', 'binance-labs-portfolio', 'blockchain-capital-portfolio', 'boostvc-portfolio', 'cms-holdings-portfolio', 'dcg-portfolio', 'dragonfly-capital-portfolio', 'electric-capital-portfolio', 'fabric-ventures-portfolio', 'framework-ventures-portfolio', 'galaxy-digital-portfolio', 'huobi-capital-portfolio', 'alameda-research-portfolio', 'a16z-portfolio', '1confirmation-portfolio', 'winklevoss-capital-portfolio', 'usv-portfolio', 'placeholder-ventures-portfolio', 'pantera-capital-portfolio', 'multicoin-capital-portfolio', 'paradigm-portfolio', 'bitcoin-ecosystem', 'ftx-bankruptcy-estate', '2017-2018-alt-season']",21000000.0,19791646.0,19791646.0,False,,1,,,,2025-01-09T02:13:09.695Z,97432.72126036789,110676473908.41,0.46727856,-3.75685664,1.63502289,1928353928001.8752,2025-01-09T02:13:09.695Z,,,,,
1027,Ethereum,ETH,ethereum,9649,2015-08-07T00:00:00.000Z,"['pos', 'smart-contracts', 'ethereum-ecosystem', 'coinbase-ventures-portfolio', 'three-arrows-capital-portfolio', 'polychain-capital-portfolio', 'binance-labs-portfolio', 'blockchain-capital-portfolio', 'boostvc-portfolio', 'cms-holdings-portfolio', 'dcg-portfolio', 'dragonfly-capital-portfolio', 'electric-capital-portfolio', 'fabric-ventures-portfolio', 'framework-ventures-portfolio', 'hashkey-capital-portfolio', 'kenetic-capital-portfolio', 'huobi-capital-portfolio', 'alameda-research-portfolio', 'a16z-portfolio', '1confirmation-portfolio', 'winklevoss-capital-portfolio', 'usv-portfolio', 'placeholder-ventures-portfolio', 'pantera-capital-portfolio', 'multicoin-capital-portfolio', 'paradigm-portfolio', 'layer-1', 'ftx-bankruptcy-estate']",,120445200.66389623,120445200.66389623,True,,2,,,,2025-01-09T02:13:09.695Z,3718.6904564264996,57029832059.49,0.12583163,-7.16513448,2.04412233,447898418231.2056,2025-01-09T02:13:09.695Z,,,,,
825,Tether USDt,USDT,tether,107435,2015-02-25T00:00:00.000Z,"['stablecoin', 'asset-backed-stablecoin', 'avalanche-ecosystem', 'solana-ecosystem', 'arbitrum-ecosystem', 'moonriver-ecosystem', 'injective-ecosystem', 'bnb-chain-ecosystem', 'usd-stablecoin', 'optimism-ecosystem', 'fiat-stablecoin']",,138308884820.0966,141193635671.04517,True,,3,,,,2025-01-09T02:13:09.695Z,1.0004468899754038,268299692134.3,-0.01507053,-0.03539637,0.00977065,138370693674.23196,2025-01-09T02:13:09.695Z,1027.0,Ethereum,ETH,ethereum,0xdac17f958d2ee523a2206206994597c13d831ec7
52,XRP,XRP,xrp,1470,2013-08-04T00:00:00.000Z,"['medium-of-exchange', 'enterprise-solutions', 'arrington-xrp-capital-portfolio', 'galaxy-digital-portfolio', 'a16z-portfolio', 'pantera-capital-portfolio', 'ftx-bankruptcy-estate', '2017-2018-alt-season']",100000000000.0,57117231849.0,99986904872.0,False,,4,,,,2025-01-09T02:13:09.695Z,2.2189515995618017,19372805326.9,0.47179858,-14.92886387,-18.23468403,126740372973.88083,2025-01-09T02:13:09.695Z,,,,,
5426,Solana,SOL,solana,804,2020-04-10T00:00:00.000Z,"['pos', 'platform', 'solana-ecosystem', 'cms-holdings-portfolio', 'kenetic-capital-portfolio', 'alameda-research-portfolio', 'multicoin-capital-portfolio', 'okx-ventures-portfolio', 'layer-1', 'ftx-bankruptcy-estate', 'alleged-sec-securities', 'cmc-crypto-awards-2024']",,476109787.8631032,589837766.0075182,True,,5,,,,2025-01-09T02:13:09.695Z,217.34146828180548,8610208198.4,-0.28612395,-8.47307759,-3.72735137,103478400357.50578,2025-01-09T02:13:09.695Z,,,,,
1839,BNB,BNB,bnb,2302,2017-07-25T00:00:00.000Z,"['marketplace', 'centralized-exchange', 'payments', 'smart-contracts', 'alameda-research-portfolio', 'multicoin-capital-portfolio', 'bnb-chain-ecosystem', 'layer-1', 'alleged-sec-securities', 'celsius-bankruptcy-estate']",,144008860.62,144008860.62,False,,6,,,,2025-01-09T02:13:09.695Z,689.9243927319336,3267965774.39,1.38572514,-7.18035683,6.53648314,99355225711.27116,2025-01-09T02:13:09.695Z,,,,,
74,Dogecoin,DOGE,dogecoin,1122,2013-12-15T00:00:00.000Z,"['mineable', 'pow', 'scrypt', 'medium-of-exchange', 'memes', 'payments', 'doggone-doggerel', 'bnb-chain-ecosystem', 'ftx-bankruptcy-estate']",,147134836383.70523,147134836383.70523,True,,7,,,,2025-01-09T02:13:09.695Z,0.41471912199969274,11830538829.95,0.73589122,-11.25148113,-2.34320425,61019630160.61868,2025-01-09T02:13:09.695Z,,,,,
3408,USDC,USDC,usd-coin,23666,2018-10-08T00:00:00.000Z,"['medium-of-exchange', 'stablecoin', 'asset-backed-stablecoin', 'coinbase-ventures-portfolio', 'solana-ecosystem', 'hedera-hashgraph-ecosystem', 'arbitrum-ecosystem', 'moonriver-ecosystem', 'bnb-chain-ecosystem', 'usd-stablecoin', 'optimism-ecosystem', 'base-ecosystem', 'fiat-stablecoin']",,40684951192.753624,40684951192.753624,False,,8,,,,2025-01-09T02:13:09.695Z,0.9999596699378245,17356499120.68,-0.0252261,-0.01742206,0.00035853,40683310366.14241,2025-01-09T02:13:09.695Z,1027.0,Ethereum,ETH,ethereum,0xa0b86991c6218b36c1d19d4a2e9eb0ce3606eb48
8085,Lido Staked ETH,stETH,steth,107,2020-12-23T00:00:00.000Z,"['eth-staking', 'liquid-staking-derivatives', 'restaking', 'eigenlayer-ecosystem', 'rehypothecated-crypto']",,9838948.410426412,9838948.41042641,False,,201,,,,2025-01-09T02:13:09.695Z,3719.8097724192908,205946052.76,0.03708713,-7.25507704,2.27476115,36599016447.43341,2025-01-09T02:13:09.695Z,1027.0,Ethereum,ETH,ethereum,0xae7ab96520de3a18e5e111b5eaab095312d7fe84
2010,Cardano,ADA,cardano,1386,2017-10-01T00:00:00.000Z,"['dpos', 'pos', 'platform', 'research', 'smart-contracts', 'staking', 'cardano-ecosystem', 'cardano', 'layer-1', 'alleged-sec-securities', '2017-2018-alt-season']",45000000000.0,35102215549.811485,44995040305.352554,False,,9,,,,2025-01-09T02:13:09.695Z,1.0075490748280518,3280181154.13,-0.41552836,-15.77728173,-16.16164688,35367204801.62742,2025-01-09T02:13:09.695Z,,,,,
18579,Wrapped TRON,WTRX,wrapped-tron,112,2017-09-13T00:00:00.000Z,['rehypothecated-crypto'],,87422899423.48874,87422899384.49226,False,,202,,,,2025-01-09T02:13:09.695Z,0.2627813399510431,7051717.15,1.34782236,-17.25400333,19.71524893,22973106652.90964,2025-01-09T02:13:09.695Z,,,,,
1958,TRON,TRX,tron,1081,2017-09-13T00:00:00.000Z,"['media', 'payments', 'tron-ecosystem', 'layer-1', 'dwf-labs-portfolio', 'alleged-sec-securities', '2017-2018-alt-season']",,86263519748.69035,86263519456.61505,True,,10,,,,2025-01-09T02:13:09.695Z,0.26330013185287243,2277776840.75,1.34188156,-17.4150389,19.49455553,22713196123.923035,2025-01-09T02:13:09.695Z,,,,,
5805,Avalanche,AVAX,avalanche,817,2020-07-13T00:00:00.000Z,"['defi', 'smart-contracts', 'three-arrows-capital-portfolio', 'polychain-capital-portfolio', 'avalanche-ecosystem', 'cms-holdings-portfolio', 'dragonfly-capital-portfolio', 'real-world-assets', 'layer-1']",715748719.0,409418426.7495886,447754726.74958855,False,,11,,,,2025-01-09T02:13:09.695Z,45.23026492074776,1930934569.54,1.17814682,-16.41247413,-13.53924116,18518103905.319653,2025-01-09T02:13:09.695Z,,,,,
12409,Lido wstETH,WSTETH,lido-finance-wsteth,630,2021-10-06T18:43:51.000Z,"['liquid-staking-derivatives', 'optimism-ecosystem', 'restaking', 'rehypothecated-crypto']",,3721193.0300820405,3721193.03008204,False,,203,,,,2025-01-09T02:13:09.695Z,4406.225421726935,35776626.12,0.15082343,-7.09102404,2.3584242,16396415328.30057,2025-01-09T02:13:09.695Z,1027.0,Ethereum,ETH,ethereum,0x7f39c581f595b53c5cb19bd0b3f8da6c935e2ca0
5994,Shiba Inu,SHIB,shiba-inu,915,2020-08-01T00:00:00.000Z,"['memes', 'ethereum-ecosystem', 'doggone-doggerel']",,589255650660875.2,589508596979465.6,False,,12,,,,2025-01-09T02:13:09.695Z,2.73380426176e-05,2849905286.35,1.20740759,-15.32241384,-8.37942186,16109096090.428625,2025-01-09T02:13:09.695Z,1027.0,Ethereum,ETH,ethereum,0x95ad61b0a150d79219dcf64e1e6cc01f0b64c4ce
11419,Toncoin,TON,toncoin,631,2021-08-26T13:40:22.000Z,"['pos', 'layer-1', 'ftx-bankruptcy-estate', 'dwf-labs-portfolio', 'toncoin-ecosystem']",,2550757138.4583955,5117064109.426152,True,,13,,,,2025-01-09T02:13:09.695Z,5.794447220768511,704572660.27,0.19712537,-14.65765151,-11.79345924,14780227611.795689,2025-01-09T02:13:09.695Z,,,,,
1975,Chainlink,LINK,chainlink,1892,2017-09-20T00:00:00.000Z,"['platform', 'defi', 'oracles', 'smart-contracts', 'substrate', 'polkadot', 'avalanche-ecosystem', 'solana-ecosystem', 'framework-ventures-portfolio', 'polygon-ecosystem', 'fantom-ecosystem', 'cardano-ecosystem', 'web3', 'near-protocol-ecosystem', 'arbitrum-ecosystem', 'cardano', 'injective-ecosystem', 'optimism-ecosystem', 'real-world-assets', 'celsius-bankruptcy-estate']",,626849970.4527868,1000000000.0,False,,14,,,,2025-01-09T02:13:09.695Z,22.34653623673707,3032910890.66,0.23358838,-14.52706307,-10.9387911,14007925579.720762,2025-01-09T02:13:09.695Z,1027.0,Ethereum,ETH,ethereum,0x514910771af9ca656af840dff83e8264ecf986ca
3717,Wrapped Bitcoin,WBTC,wrapped-bitcoin,2168,2019-01-30T00:00:00.000Z,"['medium-of-exchange', 'defi', 'wrapped-tokens', 'fantom-ecosystem', 'arbitrum-ecosystem', 'moonriver-ecosystem', 'optimism-ecosystem', 'bitcoin-ecosystem', 'ftx-bankruptcy-estate', 'rehypothecated-crypto']",,136635.95402456,136635.95402456,False,,204,,,,2025-01-09T02:13:09.695Z,97069.00611636056,597863003.15,0.31254098,-3.53896807,1.54986934,13263116256.924774,2025-01-09T02:13:09.695Z,1027.0,Ethereum,ETH,ethereum,0x2260fac5e5542a773aa44fbcfedf7c193bc2c599
6636,Polkadot,DOT,polkadot-new,848,2020-08-19T00:00:00.000Z,"['substrate', 'polkadot', 'polkadot-ecosystem', 'three-arrows-capital-portfolio', 'polychain-capital-portfolio', 'arrington-xrp-capital-portfolio', 'blockchain-capital-portfolio', 'boostvc-portfolio', 'cms-holdings-portfolio', 'coinfund-portfolio', 'fabric-ventures-portfolio', 'fenbushi-capital-portfolio', 'hashkey-capital-portfolio', 'kenetic-capital-portfolio', '1confirmation-portfolio', 'placeholder-ventures-portfolio', 'pantera-capital-portfolio', 'exnetwork-capital-portfolio', 'web3', 'spartan-group', 'layer-1']",,1527179918.1927311,1527179918.1927311,True,,15,,,,2025-01-09T02:13:09.695Z,8.513443692516395,1499721447.48,0.35991211,-18.30305801,-14.7505161,13001560241.87561,2025-01-09T02:13:09.695Z,,,,,
2396,WETH,WETH,weth,20009,2018-01-14T00:00:00.000Z,"['wrapped-tokens', 'arbitrum-ecosystem', 'optimism-ecosystem', 'linea-ecosystem', 'rehypothecated-crypto']",,3375317.5926469,3375317.5926469,False,,205,,,,2025-01-09T02:13:09.695Z,3714.5875126943793,2206167857.81,0.12167082,-7.15725034,2.37396865,12537912581.023829,2025-01-09T02:13:09.695Z,1027.0,Ethereum,ETH,ethereum,0xc02aaa39b223fe8d0a0e5c4f27ead9083c756cc2
512,Stellar,XLM,stellar,648,2014-08-05T00:00:00.000Z,"['medium-of-exchange', 'enterprise-solutions', 'decentralized-exchange-dex-token', 'smart-contracts', 'hashkey-capital-portfolio', '2017-2018-alt-season']",50001806812.0,30161095770.068424,50001786911.162926,False,,16,,,,2025-01-09T02:13:09.695Z,0.41211721280897146,1269173910.38,2.31097181,-16.63492432,-23.20470514,12429906724.025057,2025-01-09T02:13:09.695Z,,,,,
20947,Sui,SUI,sui,447,2022-07-12T08:03:11.000Z,"['binance-launchpool', 'coinbase-ventures-portfolio', 'binance-labs-portfolio', 'electric-capital-portfolio', 'a16z-portfolio', 'sui-ecosystem', 'layer-1', 'move-vm']",10000000000.0,2927660018.558888,10000000000.0,False,,17,,,,2025-01-09T02:13:09.695Z,3.8415796179834003,2683580296.11,2.64997792,-9.494549,13.32127221,11246839055.680727,2025-01-09T02:13:09.695Z,,,,,
24478,Pepe,PEPE,pepe,485,2023-04-17T06:18:08.000Z,['memes'],420690000000000.0,420689899999994.8,420689899999994.8,False,,18,,,,2025-01-09T02:13:09.695Z,2.6404534176054e-05,10694471827.68,4.06371279,0.04070542,29.31476907,11108120842.070602,2025-01-09T02:13:09.695Z,1027.0,Ethereum,ETH,ethereum,0x6982508145454ce325ddbe47a25d4ec3d2311933
1831,Bitcoin Cash,BCH,bitcoin-cash,955,2017-07-23T00:00:00.000Z,"['mineable', 'pow', 'sha-256', 'marketplace', 'medium-of-exchange', 'store-of-value', 'enterprise-solutions', 'payments', 'bitcoin-ecosystem', 'layer-1', '2017-2018-alt-season']",21000000.0,19799859.375,19799859.375,False,,19,,,,2025-01-09T02:13:09.695Z,553.7429419881402,1239636044.12,0.70063441,-11.16490256,2.92020286,10964032381.263958,2025-01-09T02:13:09.695Z,,,,,
4642,Hedera,HBAR,hedera,295,2019-09-17T00:00:00.000Z,"['dag', 'marketplace', 'enterprise-solutions', 'defi', 'payments', 'dcg-portfolio', 'hedera-hashgraph-ecosystem', 'real-world-assets', 'layer-1']",50000000000.0,38228257945.35818,50000000000.0,False,,20,,,,2025-01-09T02:13:09.695Z,0.28133823837292393,1746556500.72,1.66618424,-15.29833869,-8.91177828,10755070746.412802,2025-01-09T02:13:09.695Z,,,,,
7083,Uniswap,UNI,uniswap,1139,2020-09-17T00:00:00.000Z,"['decentralized-exchange-dex-token', 'defi', 'dao', 'yield-farming', 'amm', 'coinbase-ventures-portfolio', 'three-arrows-capital-portfolio', 'governance', 'blockchain-capital-portfolio', 'defiance-capital-portfolio', 'alameda-research-portfolio', 'a16z-portfolio', 'pantera-capital-portfolio', 'parafi-capital', 'paradigm-portfolio', 'arbitrum-ecosystem', 'injective-ecosystem', 'optimism-ecosystem', 'cmc-crypto-awards-2024']",,600483073.71,1000000000.0,False,,21,,,,2025-01-09T02:13:09.695Z,16.093638779851588,1180498495.49,3.41184129,-13.72238693,15.2863056,9663957681.703735,2025-01-09T02:13:09.695Z,1027.0,Ethereum,ETH,ethereum,0x1f9840a85d5af5bf1d1762f925bdaddc4201f984
3957,UNUS SED LEO,LEO,unus-sed-leo,53,2019-05-21T00:00:00.000Z,"['marketplace', 'centralized-exchange', 'discount-token', 'payments', 'kenetic-capital-portfolio', 'alameda-research-portfolio']",,924564418.9000001,985239504.0,False,,22,,,,2025-01-09T02:13:09.695Z,9.411061786724172,1318813.83,-0.3792196,2.37168768,6.84820582,8701132872.07463,2025-01-09T02:13:09.695Z,1027.0,Ethereum,ETH,ethereum,0x2af5d2ad76741191d15dfe7bf6ac92d4bd912ca3
2,Litecoin,LTC,litecoin,1281,2013-04-28T00:00:00.000Z,"['mineable', 'pow', 'scrypt', 'medium-of-exchange', '2017-2018-alt-season']",84000000.0,75288230.80410936,84000000.0,False,,23,,,,2025-01-09T02:13:09.696Z,110.84188435286185,2034241556.32,1.44367604,-18.00090971,-16.82753466,8345089371.920662,2025-01-09T02:13:09.696Z,,,,,
6535,NEAR Protocol,NEAR,near-protocol,473,2020-08-11T00:00:00.000Z,"['platform', 'ai-big-data', 'staking', 'coinbase-ventures-portfolio', 'three-arrows-capital-portfolio', 'arrington-xrp-capital-portfolio', 'coinfund-portfolio', 'electric-capital-portfolio', 'fabric-ventures-portfolio', 'kenetic-capital-portfolio', 'near-protocol-ecosystem', 'cross-chain', 'injective-ecosystem', 'circle-ventures-portfolio', 'layer-1', 'alleged-sec-securities', 'account-abstraction', 'data-availability']",,1217906155.0,1224318037.0,False,,24,,,,2025-01-09T02:13:09.696Z,6.531264614714654,1164981349.8,1.07737673,-16.80926027,-12.05909536,7954467374.19468,2025-01-09T02:13:09.696Z,,,,,
28695,Wrapped eETH,weETH,wrapped-eeth,75,2023-12-12T18:12:54.000Z,"['defi', 'staking', 'wrapped-tokens', 'restaking', 'eigenlayer-ecosystem', 'rehypothecated-crypto']",,1786376.7403186802,1786376.74031868,False,,206,2300.0,9189142.886673648,,2025-01-09T02:13:09.696Z,3995.2795159450643,12159847.46,-0.31274468,-5.30238494,4.66171873,7137074398.355938,2025-01-09T02:13:09.696Z,1027.0,Ethereum,ETH,ethereum,0xCd5fE23C85820F7B72D0926FC9b05b43E359b7ee
24760,Wrapped Beacon ETH,WBETH,wrapped-beacon-eth,32,2023-04-27T09:20:48.000Z,"['staking', 'ethereum-ecosystem', 'binance-smart-chain', 'liquid-staking-derivatives', 'eigenlayer-ecosystem', 'rehypothecated-crypto']",,1719624.5647158602,1719624.56471586,False,,207,70000.0,274296414.0257189,,2025-01-09T02:13:09.696Z,3918.5202003674135,41660833.55,-0.00205926,-7.1324314,1.91666683,6738383593.887118,2025-01-09T02:13:09.696Z,1027.0,Ethereum,ETH,ethereum,0xa2E3356610840701BDf5611a53974510Ae27E2e1
21794,Aptos,APT,aptos,451,2022-10-19T01:50:25.000Z,"['binance-labs-portfolio', 'aptos-ecosystem', 'circle-ventures-portfolio', 'layer-1', 'ftx-bankruptcy-estate', 'move-vm']",,536028272.13791275,1130050002.0735536,True,,25,130000000.0,1557437278.6717346,,2025-01-09T02:13:09.696Z,11.980286759013342,764034469.65,1.40258568,-17.57498033,-12.55693505,6421772411.150637,2025-01-09T02:13:09.696Z,,,,,
4023,Bitcoin BEP2,BTCB,bitcoin-bep2,820,2019-06-18T00:00:00.000Z,"['bnb-chain-ecosystem', 'bitcoin-ecosystem', 'rehypothecated-crypto']",,65173.37410254,65300.96999998,False,,208,,,,2025-01-09T02:13:09.696Z,97478.00990800002,87678182.22,0.41520956,-3.66117058,1.73125662,6352970806.505186,2025-01-09T02:13:09.696Z,1839.0,BNB Beacon Chain (BEP2),BNB,bnb,BTCB-1DE
8916,Internet Computer,ICP,internet-computer,307,2021-03-23T00:00:00.000Z,"['platform', 'ai-big-data', 'smart-contracts', 'polychain-capital-portfolio', 'electric-capital-portfolio', 'fenbushi-capital-portfolio', 'hashkey-capital-portfolio', 'a16z-portfolio', 'multicoin-capital-portfolio', 'exnetwork-capital-portfolio', 'internet-computer-ecosystem', 'layer-1', 'alleged-sec-securities']",,475498470.7902142,526548464.90354323,True,,26,478788531.2972437,5736242021.464448,,2025-01-09T02:13:09.696Z,11.980742324638616,504922267.32,-0.55063937,-18.02173233,-12.94873077,5696824654.297257,2025-01-09T02:13:09.696Z,,,,,
29470,Ethena USDe,USDe,ethena-usde,94,2024-02-20T11:05:01.000Z,"['stablecoin', 'asset-backed-stablecoin', 'binance-labs-portfolio', 'dragonfly-capital-portfolio', 'usd-stablecoin', 'eigenlayer-ecosystem']",,5528350522.196288,5528350522.196288,True,,27,,,,2025-01-09T02:13:09.696Z,1.0014730911152772,157535040.92,-0.00121496,-0.03448553,-0.00739728,5536494286.232674,2025-01-09T02:13:09.696Z,1027.0,Ethereum,ETH,ethereum,0x4c9edd5852cd905f086c759e8383e09bff1e68b3
4943,Dai,DAI,multi-collateral-dai,3421,2019-11-22T00:00:00.000Z,"['defi', 'stablecoin', 'asset-backed-stablecoin', 'ethereum-ecosystem', 'avalanche-ecosystem', 'polygon-ecosystem', 'fantom-ecosystem', 'arbitrum-ecosystem', 'harmony-ecosystem', 'moonriver-ecosystem', 'bnb-chain-ecosystem', 'usd-stablecoin', 'optimism-ecosystem']",,5365382702.664872,5365382702.664872,True,,28,,,,2025-01-09T02:13:09.696Z,1.0002721571484228,218537185.16,0.01554041,0.02237734,0.00914529,5366842929.921426,2025-01-09T02:13:09.696Z,1027.0,Ethereum,ETH,ethereum,0x6b175474e89094c44da98b954eedeac495271d0f
33039,USDS,USDS,usds,8,2024-09-18T13:27:23.000Z,"['defi', 'stablecoin', 'asset-backed-stablecoin', 'ethereum-ecosystem', 'avalanche-ecosystem', 'polygon-ecosystem', 'fantom-ecosystem', 'arbitrum-ecosystem', 'harmony-ecosystem', 'moonriver-ecosystem', 'bnb-chain-ecosystem', 'usd-stablecoin', 'optimism-ecosystem', 'rehypothecated-crypto']",,5182613525.94834,5182613525.94834,True,,209,5112062214.0,5098865792.336302,,2025-01-09T02:13:09.696Z,0.9974185717795926,20914894.56,0.02048387,-3.05471455,-0.10936347,5169234981.136992,2025-01-09T02:13:09.696Z,1027.0,Ethereum,ETH,ethereum,0xdC035D45d973E3EC169d2276DDab16f1e407384F
28321,POL (ex-MATIC),POL,polygon-ecosystem-token,378,2023-10-30T14:43:57.000Z,[],,8352687117.983719,10312906621.168447,False,,29,62242397.94040099,36413476.32859653,,2025-01-09T02:13:09.696Z,0.5850268873552005,739820673.81,2.25440706,-16.91945449,-10.29820459,4886546545.685895,2025-01-09T02:13:09.696Z,1027.0,Ethereum,ETH,ethereum,0x455e53cbb86018ac2b8092fdcd39d8444affc3f6
1321,Ethereum Classic,ETC,ethereum-classic,580,2016-07-24T00:00:00.000Z,"['mineable', 'pow', 'ethash', 'platform', 'smart-contracts', 'dcg-portfolio', '2017-2018-alt-season']",210700000.0,149881380.73504913,210700000.0,False,,30,,,,2025-01-09T02:13:09.696Z,31.43187340918238,931260251.4,0.83279892,-15.40132031,-7.13197616,4711052585.657531,2025-01-09T02:13:09.696Z,,,,,
5690,Render,RENDER,render,494,2020-06-11T00:00:00.000Z,"['art', 'media', 'vr-ar', 'ai-big-data', 'distributed-computing', 'collectibles-nfts', 'scaling', 'video', 'ethereum-ecosystem', 'solana-ecosystem', 'metaverse', 'alameda-research-portfolio', 'multicoin-capital-portfolio', 'polygon-ecosystem', 'web3', 'generative-ai', 'depin']",644168762.0,517690758.8754916,532450932.1554916,False,,31,,,,2025-01-09T02:13:09.696Z,8.954123833159771,1712745778.3,2.20467376,-12.96042684,2.56408749,4635467162.253608,2025-01-09T02:13:09.696Z,1027.0,Ethereum,ETH,ethereum,0x6de037ef9ad2725eb40118bb1702ebb27e4aeb24
3635,Cronos,CRO,cronos,262,2018-12-14T00:00:00.000Z,"['medium-of-exchange', 'cosmos-ecosystem', 'centralized-exchange', 'mobile', 'payments', 'injective-ecosystem', 'layer-1']",,26571560696.000004,30000000000.0,False,,32,,,,2025-01-09T02:13:09.696Z,0.17410331786696803,93755971.86,1.22728194,-13.23113466,-5.82482255,4626196878.077123,2025-01-09T02:13:09.696Z,,,,,
3077,VeChain,VET,vechain,314,2017-08-22T00:00:00.000Z,"['logistics', 'data-provenance', 'iot', 'smart-contracts', 'fenbushi-capital-portfolio', 'real-world-assets']",86712634466.0,80985041177.00002,85985041177.0,False,,33,80985041177.0,4597232749.156748,,2025-01-09T02:13:09.696Z,0.056766443312772884,342619374.5,1.5939742,-16.50729801,-0.98864591,4597232749.156749,2025-01-09T02:13:09.696Z,,,,,
22974,Bittensor,TAO,bittensor,111,2023-03-06T05:20:00.000Z,"['ai-big-data', 'distributed-computing', 'oracles', 'dao', 'polkadot-ecosystem', 'polychain-capital-portfolio', 'dcg-portfolio', 'open-source', 'generative-ai', 'depin']",21000000.0,7380935.999999999,7380936.0,False,,34,,,,2025-01-09T02:13:09.696Z,600.794015596502,661752337.54,0.68544267,-15.89103953,-0.97646402,4434422178.300783,2025-01-09T02:13:09.696Z,,,,,
29471,Ethena Staked USDe,sUSDe,ethena-staked-usde,33,2024-02-20T12:03:05.000Z,"['stablecoin', 'asset-backed-stablecoin', 'staking', 'usd-stablecoin', 'rehypothecated-crypto']",,3775795712.3616066,3775795712.3616066,True,,210,,,,2025-01-09T02:13:09.696Z,1.1333369066249022,27338067.38,-0.00733802,-0.09223876,0.2381999,4279248632.6954722,2025-01-09T02:13:09.696Z,1027.0,Ethereum,ETH,ethereum,0x9d39a5de30e57443bff2a8307a4256c8797a3497
3773,Artificial Superintelligence Alliance,FET,artificial-superintelligence-alliance,410,2019-03-02T00:00:00.000Z,"['cosmos-ecosystem', 'ai-big-data', 'collectibles-nfts', 'iot', 'binance-launchpad', 'web3', 'injective-ecosystem', 'generative-ai', 'dwf-labs-portfolio', 'ai-agents']",2719493897.0,2435284333.0353827,2719493896.672,False,,35,,,,2025-01-09T02:13:09.696Z,1.716155039240923,815776740.51,0.64761352,-16.705377,-11.88154762,4179325480.1231422,2025-01-09T02:13:09.696Z,,,,,
20396,Kaspa,KAS,kaspa,156,2022-06-01T00:03:58.000Z,"['mineable', 'dag', 'pow', 'store-of-value', 'polychain-capital-portfolio', 'layer-1']",28704026601.0,25323430979.143223,25323430979.143223,False,,36,,,,2025-01-09T02:13:09.696Z,0.16503320926204115,383775010.68,2.68403584,-12.49900259,4.22577976,4179207084.013799,2025-01-09T02:13:09.696Z,,,,,
11841,Arbitrum,ARB,arbitrum,1055,2023-03-23T12:50:11.000Z,"['scaling', 'dao', 'dapp', 'ethereum-ecosystem', 'polychain-capital-portfolio', 'layer-2', 'rollups', 'pantera-capital-portfolio', 'arbitrum-ecosystem', 'modular-blockchain', 'egirl-capital-portfolio']",,4097359817.0,10000000000.0,False,,37,,,,2025-01-09T02:13:09.696Z,0.9639955500030335,1258166294.07,1.45167936,-16.9462524,-6.06418641,3949836630.3492436,2025-01-09T02:13:09.696Z,11841.0,Arbitrum,ARB,arbitrum,0x912CE59144191C1204E64559FE8253a0e49E6548
7278,Aave,AAVE,aave,979,2020-10-02T00:00:00.000Z,"['defi', 'dao', 'yield-farming', 'three-arrows-capital-portfolio', 'governance', 'lending-borowing', 'blockchain-capital-portfolio', 'defiance-capital-portfolio', 'framework-ventures-portfolio', 'alameda-research-portfolio', 'pantera-capital-portfolio', 'parafi-capital', 'polygon-ecosystem', 'fantom-ecosystem', 'optimism-ecosystem', 'standard-crypto-portfolio']",,15009567.40364976,16000000.0,False,,38,,,,2025-01-09T02:13:09.696Z,260.5320507729853,832994730.88,2.58146517,-8.06212224,10.75530569,3910473376.8882246,2025-01-09T02:13:09.696Z,1027.0,Ethereum,ETH,ethereum,0x7Fc66500c84A76Ad7e9c93437bFc5Ac33E2DDaE9
27075,Mantle,MNT,mantle,97,2023-07-17T11:00:31.000Z,"['ethereum-ecosystem', 'layer-2', 'dwf-labs-portfolio']",6219316795.0,3366841707.8368406,6219316794.99,False,,39,3364694382.8368406,3840292367.2139344,,2025-01-09T02:13:09.696Z,1.1413495343895417,238164926.5,1.10472295,-9.8973974,25.52627748,3842743215.602867,2025-01-09T02:13:09.696Z,1027.0,Ethereum,ETH,ethereum,0x3c3a81e81dc49a522a592e7622a7e711c06bf354
2280,Filecoin,FIL,filecoin,548,2017-12-13T00:00:00.000Z,"['mineable', 'ai-big-data', 'distributed-computing', 'filesharing', 'storage', 'polychain-capital-portfolio', 'blockchain-capital-portfolio', 'boostvc-portfolio', 'dcg-portfolio', 'hashkey-capital-portfolio', 'a16z-portfolio', 'winklevoss-capital-portfolio', 'pantera-capital-portfolio', 'web3', 'filecoin-ecosystem', 'alleged-sec-securities', 'depin', '2017-2018-alt-season']",,609518993.0,1959764851.0,False,,40,,,,2025-01-09T02:13:09.696Z,6.2917409795365185,1355816756.76,1.49142733,-20.21956512,-13.41191266,3834935626.0639324,2025-01-09T02:13:09.696Z,,,,,
32196,Hyperliquid,HYPE,hyperliquid,6,2024-07-15T10:14:50.000Z,"['decentralized-exchange-dex-token', 'derivatives', 'layer-1', 'hyperliquid-ecosystem']",1000000000.0,270908567.0,999993930.0,False,,211,333931719.0,4512747741.756674,,2025-01-09T02:13:09.696Z,13.513983503186392,228480830.48,4.09359199,-3.97147686,60.59031741,3661053905.3098655,2025-01-09T02:13:09.696Z,32196.0,Hyperliquid,HYPE,hyperliquid,0x0d01dc56dcaaca66ad901c959b4011ec
11092,Bitget Token,BGB,bitget-token-new,22,2021-07-29T00:00:00.000Z,['centralized-exchange'],2000000000.0,1400000000.0,2000000000.0,False,,41,1200000000.0,3015815049.757087,,2025-01-09T02:13:09.696Z,2.513179208130906,238514902.3,1.95528838,-5.52102429,58.59281925,3518450891.3832684,2025-01-09T02:13:09.696Z,1027.0,Ethereum,ETH,ethereum,0x54D2252757e1672EEaD234D27B1270728fF90581
4030,Algorand,ALGO,algorand,457,2019-06-20T00:00:00.000Z,"['pos', 'platform', 'research', 'smart-contracts', 'arrington-xrp-capital-portfolio', 'kenetic-capital-portfolio', 'usv-portfolio', 'multicoin-capital-portfolio', 'exnetwork-capital-portfolio', 'layer-1', 'dwf-labs-portfolio', 'alleged-sec-securities']",10000000000.0,8308508449.605723,10000000000.0,False,,42,8350855018.340245,3496916410.3088403,,2025-01-09T02:13:09.696Z,0.4187495056049796,785273139.27,1.53835237,-15.97494924,-16.56496641,3479183805.587192,2025-01-09T02:13:09.696Z,,,,,
4847,Stacks,STX,stacks,209,2019-10-28T00:00:00.000Z,"['mineable', 'platform', 'collectibles-nfts', 'defi', 'smart-contracts', 'metaverse', 'arrington-xrp-capital-portfolio', 'blockchain-capital-portfolio', 'dcg-portfolio', 'fabric-ventures-portfolio', 'hashkey-capital-portfolio', 'huobi-capital-portfolio', 'usv-portfolio', 'web3', 'injective-ecosystem', 'bitcoin-ecosystem']",1818000000.0,1504097313.25737,1504097313.25737,False,,43,1048765672.087772,2361040019.2753797,,2025-01-09T02:13:09.696Z,2.2512560070499545,462568828.77,1.83292047,-17.40466393,-6.85341329,3386108111.6583514,2025-01-09T02:13:09.696Z,,,,,
6536,MANTRA,OM,mantra,215,2020-08-11T00:00:00.000Z,"['cosmos-ecosystem', 'defi', 'dao', 'kenetic-capital-portfolio', 'exnetwork-capital-portfolio', 'polygon-ecosystem', 'bnb-chain-ecosystem', 'real-world-assets']",,940835697.7700002,1793377126.73,True,,44,868810174.15,3094287089.8281345,,2025-01-09T02:13:09.696Z,3.5615226224248913,241455823.55,2.38755817,-14.94346958,-0.91427723,3350807621.5927634,2025-01-09T02:13:09.696Z,1027.0,Ethereum,ETH,ethereum,0x3593d125a4f7849a1b059e64f4517a86dd60c95d
3794,Cosmos,ATOM,cosmos,835,2019-03-14T00:00:00.000Z,"['platform', 'cosmos-ecosystem', 'content-creation', 'interoperability', 'polychain-capital-portfolio', 'dragonfly-capital-portfolio', 'hashkey-capital-portfolio', '1confirmation-portfolio', 'paradigm-portfolio', 'exnetwork-capital-portfolio', 'injective-ecosystem', 'layer-1', 'alleged-sec-securities']",,390934204.0,390934204.0,True,,45,,,,2025-01-09T02:13:09.696Z,8.427104503452446,603596737.18,1.78931408,-16.84199721,-11.3450101,3294443391.0819974,2025-01-09T02:13:09.696Z,,,,,
3897,OKB,OKB,okb,129,2019-04-30T00:00:00.000Z,"['marketplace', 'centralized-exchange', 'discount-token', 'alameda-research-portfolio', 'x1-ecosystem']",,60000000.0,300000000.0,False,,46,246638974.0,13450561344.405357,,2025-01-09T02:13:09.696Z,54.53542530713478,12280059.93,0.61488265,-8.87199255,0.36098601,3272125518.4280868,2025-01-09T02:13:09.696Z,1027.0,Ethereum,ETH,ethereum,0x75231f58b43240c9718dd58b4967c5114342a86c
328,Monero,XMR,monero,304,2014-05-21T00:00:00.000Z,"['mineable', 'pow', 'medium-of-exchange', 'privacy', 'ringct', 'boostvc-portfolio', 'electric-capital-portfolio', 'galaxy-digital-portfolio', '2017-2018-alt-season']",,18446744.07370955,18446744.07370955,True,,47,,,,2025-01-09T02:13:09.696Z,176.2256625513428,169753629.12,1.33163789,-20.81461362,1.35845828,3250789696.304522,2025-01-09T02:13:09.696Z,,,,,
22533,Jito Staked SOL,JITOSOL,jito-staked-sol,146,2022-11-04T08:03:43.000Z,"['solana-ecosystem', 'liquid-staking-derivatives', 'rehypothecated-crypto']",,12545688.02589769,12545688.02589769,False,,212,,,,2025-01-09T02:13:09.696Z,252.10536904423336,31171434.9,-0.15288784,-8.20035357,-3.28874592,3162835309.6827564,2025-01-09T02:13:09.696Z,5426.0,Solana,SOL,solana,J1toso1uCk3RLmjorhTtrVwY9HJ7X8V9yYac6Y7kGCPn
3513,Fantom,FTM,fantom,745,2018-10-29T00:00:00.000Z,"['platform', 'enterprise-solutions', 'defi', 'research', 'scaling', 'smart-contracts', 'fantom-ecosystem', 'injective-ecosystem', 'layer-1', '2017-2018-alt-season']",,2803634835.5265927,3175000000.0,False,,48,,,,2025-01-09T02:13:09.696Z,1.1265913413303084,855436599.7,0.70333033,-15.45710079,-9.70646887,3158550729.9562826,2025-01-09T02:13:09.696Z,,,,,
28752,dogwifhat,WIF,dogwifhat,605,2023-12-19T09:08:50.000Z,"['memes', 'solana-ecosystem', 'doggone-doggerel']",,998844844.248605,998844844.248605,False,,49,,,,2025-01-09T02:13:09.696Z,3.0700983771036316,1619346280.17,1.54357668,-17.67168201,-1.53129375,3066551935.305972,2025-01-09T02:13:09.696Z,5426.0,Solana,SOL,solana,EKpQGSJtjMFqKZ9KQanSqYXRcF8fBopzLHYxdM65zcjm
22861,Celestia,TIA,celestia,241,2023-10-31T16:51:41.000Z,"['platform', 'cosmos-ecosystem', 'modular-blockchain', 'egirl-capital-portfolio', 'data-availability', 'cmc-crypto-awards-2024']",,446686915.81813604,1088521643.835315,False,,50,141043527.75,944819867.9530796,,2025-01-09T02:13:09.696Z,6.69878216338842,675022717.46,0.9047238,-20.26929347,-12.61550191,2992258344.301514,2025-01-09T02:13:09.696Z,12220.0,Osmosis,OSMO,osmosis,ibc/D79E7D83AB399BFFF93433E54FAA480C191248FC556924A2A8351AE2638B3877
30171,Ethena,ENA,ethena,222,2024-03-29T04:42:08.000Z,"['defi', 'binance-labs-portfolio', 'okx-ventures-portfolio']",,2937500000.0,15000000000.0,False,,51,1479139274.0,1491347454.2630785,,2025-01-09T02:13:09.696Z,1.0082535704904003,982917560.58,3.63038912,-2.2559198,20.21330426,2961744863.315551,2025-01-09T02:13:09.696Z,1027.0,Ethereum,ETH,ethereum,0x57e114B691Db790C35207b2e685D4A43181e6061
23095,Bonk,BONK,bonk1,587,2022-12-30T06:58:50.000Z,"['memes', 'solana-ecosystem', 'doggone-doggerel', 'dwf-labs-portfolio', 'cmc-crypto-awards-2024']",92706440290358.12,75577521457782.3,92681005496097.55,False,,52,76269535353348.44,2980768482.339162,,2025-01-09T02:13:09.696Z,3.9082032800247e-05,1090317622.35,1.49587671,-15.10349402,-8.78992392,2953723172.574419,2025-01-09T02:13:09.696Z,1027.0,Ethereum,ETH,ethereum,0x1151CB3d861920e07a38e03eEAd12C32178567F6
10603,Immutable,IMX,immutable-x,337,2021-06-24T00:00:00.000Z,"['collectibles-nfts', 'zero-knowledge-proofs', 'gaming', 'scaling', 'layer-2', 'rollups', 'arrington-xrp-capital-portfolio', 'alameda-research-portfolio']",2000000000.0,1694765880.3898141,2000000000.0,False,,53,,,,2025-01-09T02:13:09.696Z,1.7376525569719066,211801497.45,0.05775058,-16.35949853,-15.03677043,2944914265.528105,2025-01-09T02:13:09.696Z,1027.0,Ethereum,ETH,ethereum,0xf57e7e7c23978c3caec3c3548e3d615c346e79ff
11840,Optimism,OP,optimism-ethereum,598,2022-05-31T16:19:46.000Z,"['layer-2', 'optimism-ecosystem', 'modular-blockchain']",4294967296.0,1255070491.0,4294967296.0,False,,54,,,,2025-01-09T02:13:09.696Z,2.2481764877614716,774195919.22,2.22588927,-15.9398495,-12.20857337,2821619968.349446,2025-01-09T02:13:09.696Z,11840.0,Optimism,OP,optimism-ethereum,0x4200000000000000000000000000000000000042
7226,Injective,INJ,injective,430,2020-09-29T00:00:00.000Z,"['pos', 'platform', 'cosmos-ecosystem', 'ai-big-data', 'defi', 'smart-contracts', 'cosmos', 'binance-smart-chain', 'binance-launchpad', 'binance-labs-portfolio', 'cms-holdings-portfolio', 'pantera-capital-portfolio', 'web3', 'injective-ecosystem', 'layer-1']",,98848019.96,100000000.0,False,,55,,,,2025-01-09T02:13:09.696Z,28.135156625058052,457044530.16,0.69473207,-15.64363335,-11.06965693,2781104523.6514645,2025-01-09T02:13:09.696Z,1027.0,Ethereum,ETH,ethereum,0xe28b3b32b6c345a34ff64674606124dd5aceca30
6719,The Graph,GRT,the-graph,520,2020-12-17T00:00:00.000Z,"['ai-big-data', 'enterprise-solutions', 'defi', 'coinbase-ventures-portfolio', 'solana-ecosystem', 'analytics', 'coinfund-portfolio', 'dcg-portfolio', 'fabric-ventures-portfolio', 'framework-ventures-portfolio', 'ledgerprime-portfolio', 'multicoin-capital-portfolio', 'parafi-capital', 'polygon-ecosystem', 'fantom-ecosystem', 'web3', 'near-protocol-ecosystem', 'arbitrum-ecosystem', 'spartan-group', 'injective-ecosystem']",,9548531509.165476,10799706720.163599,False,,56,,,,2025-01-09T02:13:09.696Z,0.267253363434534,259619826.77,1.23408305,-17.39288583,-10.44797665,2551877161.6851,2025-01-09T02:13:09.696Z,1027.0,Ethereum,ETH,ethereum,0xc944e90c64b2c07662a292be6244bdf05cda44a7
2416,Theta Network,THETA,theta-network,225,2018-01-17T00:00:00.000Z,"['media', 'vr-ar', 'ai-big-data', 'distributed-computing', 'content-creation', 'entertainment', 'sharing-economy', 'smart-contracts', 'video', 'huobi-capital-portfolio', 'web3', 'layer-1', 'depin', '2017-2018-alt-season']",1000000000.0,1000000000.0,1000000000.0,False,,57,,,,2025-01-09T02:13:09.696Z,2.4967265259717326,182899793.84,1.77958044,-18.28010088,-11.94389315,2496726525.9717326,2025-01-09T02:13:09.696Z,,,,,
10804,FLOKI,FLOKI,floki-inu,581,2021-07-09T00:00:00.000Z,"['gaming', 'memes', 'metaverse', 'doggone-doggerel', 'play-to-earn', 'bnb-chain-ecosystem', 'dwf-labs-portfolio', 'paal-ecosystem', 'tokenfi-launchpad']",,9597320681907.246,9672248758739.926,False,,58,9317621738535.4,2218330605.2262316,,2025-01-09T02:13:09.696Z,0.000238079057883597,1656874581.44,-1.27799987,-8.07411363,5.07543333,2284921066.155238,2025-01-09T02:13:09.696Z,1027.0,Ethereum,ETH,ethereum,0xcf0c122c6b73ff809c693db761e7baebe62b6a2e
23149,Sei,SEI,sei,231,2023-08-14T07:35:00.000Z,"['cosmos-ecosystem', 'coinbase-ventures-portfolio', 'multicoin-capital-portfolio', 'layer-1', 'jump-crypto', 'sei-ecosystem', 'parallel-evm']",,3982916666.0000005,10000000000.0,False,,59,,,,2025-01-09T02:13:09.696Z,0.568611510307105,635903857.14,1.29253947,-17.92179633,-11.45638729,2264732260.8815994,2025-01-09T02:13:09.696Z,,,,,
13502,Worldcoin,WLD,worldcoin-org,368,2021-10-28T15:31:43.000Z,"['privacy', 'zero-knowledge-proofs', 'identity', 'ethereum-ecosystem', 'governance', 'blockchain-capital-portfolio', 'a16z-portfolio', 'token', 'optimism-ecosystem']",,751224947.0595769,10000000000.0,False,,60,870629827.6666231,2559386338.5168,,2025-01-09T02:13:09.696Z,2.939695215102171,1192168194.11,0.72216022,-22.95079715,-10.59740424,2208372382.33642,2025-01-09T02:13:09.696Z,1027.0,Ethereum,ETH,ethereum,0x163f8c2467924be0ae7b5347228cabf260318753
4157,THORChain,RUNE,thorchain,214,2019-07-23T00:00:00.000Z,"['cosmos-ecosystem', 'decentralized-exchange-dex-token', 'defi', 'dex', 'multicoin-capital-portfolio', 'exnetwork-capital-portfolio', 'injective-ecosystem']",,340704992.99999994,416034588.0,False,,61,266857856.0,1698532319.1815362,,2025-01-09T02:13:09.696Z,6.364932794714262,899843325.29,2.0328925,-15.83010379,-1.75364722,2168564383.268593,2025-01-09T02:13:09.696Z,,,,,
21159,Ondo,ONDO,ondo-finance,224,2024-01-18T12:06:25.000Z,"['ethereum-ecosystem', 'real-world-assets']",,1389759838.4783604,10000000000.0,False,,62,1426647567.0,2179176965.9806385,,2025-01-09T02:13:09.696Z,1.5274809395028663,466815370.67,0.541469,-9.64211767,2.93225962,2122831663.7622778,2025-01-09T02:13:09.696Z,1027.0,Ethereum,ETH,ethereum,0xfAbA6f8e4a5E8Ab82F62fe7C39859FA577269BE3
8425,JasmyCoin,JASMY,jasmy,272,2021-02-11T00:00:00.000Z,"['iot', 'ethereum-ecosystem', 'dwf-labs-portfolio']",50000000000.0,49394999677.16958,50000000000.0,False,,63,,,,2025-01-09T02:13:09.696Z,0.04243763801592017,718367119.97,6.89429794,-15.68124453,35.19540286,2096207116.0962162,2025-01-09T02:13:09.696Z,1027.0,Ethereum,ETH,ethereum,0x7420B4b9a0110cdC71fB720908340C03F9Bc03EC
32994,Coinbase Wrapped BTC,CBBTC,coinbase-wrapped-btc,82,2024-09-12T12:53:48.000Z,"['defi', 'wrapped-tokens', 'bitcoin-ecosystem', 'rehypothecated-crypto']",,21122.90927066,21122.90927066,False,,213,,,,2025-01-09T02:13:09.696Z,97318.1100514446,243335689.86,0.50090077,-3.54330047,1.84573042,2055641609.008769,2025-01-09T02:13:09.696Z,1027.0,Ethereum,ETH,ethereum,0xcbB7C0000aB88B473b1f5aFd9ef808440eed33Bf
15060,Rocket Pool ETH,RETH,rocket-pool-eth,101,2021-11-23T08:58:07.000Z,"['eth-staking', 'liquid-staking-derivatives', 'eigenlayer-ecosystem', 'rehypothecated-crypto']",,461271.2296607699,461271.22966077,False,,214,,,,2025-01-09T02:13:09.696Z,4159.992983408432,3122559.93,-0.27948385,-6.51793861,2.60842161,1918885078.8369825,2025-01-09T02:13:09.696Z,1027.0,Ethereum,ETH,ethereum,0xae78736cd615f374d3085123a210448e74fc6393
6210,The Sandbox,SAND,the-sandbox,611,2020-08-05T00:00:00.000Z,"['collectibles-nfts', 'content-creation', 'gaming', 'ethereum-ecosystem', 'binance-launchpad', 'metaverse', 'play-to-earn', 'animoca-brands-portfolio', 'alleged-sec-securities']",,2430232126.2233224,3000000000.0,False,,64,,,,2025-01-09T02:13:09.696Z,0.739109866139918,1117240155.06,0.97406578,-19.58237701,2.77229499,1796208541.5018482,2025-01-09T02:13:09.696Z,1027.0,Ethereum,ETH,ethereum,0x3845badAde8e6dFF049820680d1F14bD3903a5d0
26081,First Digital USD,FDUSD,first-digital-usd,417,2023-07-26T04:26:40.000Z,"['stablecoin', 'ethereum-ecosystem', 'binance-smart-chain', 'usd-stablecoin', 'sui-ecosystem', 'fiat-stablecoin']",,1789565541.09,1789565541.09,False,,65,,,,2025-01-09T02:13:09.696Z,0.9980436366336587,12799878042.56,-0.08934692,-0.08772575,-0.04233581,1786064500.6237447,2025-01-09T02:13:09.696Z,1027.0,Ethereum,ETH,ethereum,0xc5f0f7b66764F6ec8C8Dff7BA683102295E16409
7080,Gala,GALA,gala,486,2020-09-16T00:00:00.000Z,"['collectibles-nfts', 'gaming', 'binance-smart-chain', 'polygon-ecosystem', 'play-to-earn', 'dwf-labs-portfolio']",,36500981802.3374,38525141938.352036,False,,66,,,,2025-01-09T02:13:09.696Z,0.04800119064982921,734994172.09,2.95297113,-20.9536141,2.80368154,1752090586.3999443,2025-01-09T02:13:09.696Z,1027.0,Ethereum,ETH,ethereum,0xd1d2Eb1B1e90B638588728b4130137D262C87cae
29035,Mantle Staked Ether,METH,mantle-staked-ether,79,2024-01-15T05:14:50.000Z,"['defi', 'staking', 'ethereum-ecosystem', 'liquid-staking-derivatives', 'eigenlayer-ecosystem', 'rehypothecated-crypto']",,441240.30015174,441240.30015174,True,,215,249999.0,977159504.0079118,,2025-01-09T02:13:09.696Z,3908.65365064625,18408332.16,-0.02444684,-7.36884926,2.26742712,1724655510.0003457,2025-01-09T02:13:09.696Z,1027.0,Ethereum,ETH,ethereum,0xd5F7838F5C461fefF7FE49ea5ebaF7728bB0ADfa
29743,Brett (Based),BRETT,based-brett,156,2024-03-11T07:58:23.000Z,"['memes', 'base-ecosystem']",10000000000.0,9910236395.0,9910236395.0,False,,67,9910236395.0,1716737340.8136039,,2025-01-09T02:13:09.696Z,0.173228697317427,162742628.45,1.6213307,-17.6643384,-13.14977847,1716737340.8136039,2025-01-09T02:13:09.696Z,27716.0,Base,TBA,base,0x532f27101965dd16442e59d40670faf5ebb142e4
28298,Beam,BEAM,onbeam,165,2021-10-29T04:07:32.000Z,"['gaming', 'ethereum-ecosystem', 'binance-chain', 'binance-launchpool', 'governance', 'play-to-earn', 'token', 'gaming-guild', 'spartan-group', 'dwf-labs-portfolio']",,49466004168.0,62434008330.0,False,,68,49466004168.0,1703459571.9100323,,2025-01-09T02:13:09.696Z,0.034436975465505976,143340802.54,6.81529882,-4.25734397,24.64913741,1703459571.9100323,2025-01-09T02:13:09.696Z,1027.0,Ethereum,ETH,ethereum,0x62D0A8458eD7719FDAF978fe5929C6D342B0bFcE
1518,Maker,MKR,maker,527,2017-01-29T00:00:00.000Z,"['store-of-value', 'defi', 'dao', 'polychain-capital-portfolio', 'governance', 'lending-borowing', 'dragonfly-capital-portfolio', 'electric-capital-portfolio', 'a16z-portfolio', '1confirmation-portfolio', 'placeholder-ventures-portfolio', 'pantera-capital-portfolio', 'paradigm-portfolio', 'near-protocol-ecosystem', 'arbitrum-ecosystem', 'spartan-group', 'bnb-chain-ecosystem', 'real-world-assets', 'standard-crypto-portfolio']",1005577.0,887972.84504961,917015.53009699,False,,69,,,,2025-01-09T02:13:09.696Z,1894.9896472109695,272494202.71,2.25485647,-13.98883089,-4.20768043,1682699348.3734813,2025-01-09T02:13:09.696Z,1027.0,Ethereum,ETH,ethereum,0x9f8f72aa9304c8b593d555f12ef6589cc3a579a2
3155,Quant,QNT,quant,281,2018-08-10T00:00:00.000Z,"['platform', 'interoperability', 'real-world-assets']",14881364.0,12072738.0,14881364.0,False,,70,,,,2025-01-09T02:13:09.696Z,137.33741128683607,104956534.57,0.70466226,-14.63698305,6.38219172,1658038584.0642147,2025-01-09T02:13:09.696Z,1027.0,Ethereum,ETH,ethereum,0x4a220e6096b25eadb88358cb44068a3248254675
32452,Movement,MOVE,movement,46,2024-07-29T03:27:27.000Z,"['layer-2', 'binance-labs-portfolio', 'move-vm']",10000000000.0,2250000000.0,10000000000.0,False,,216,2200000000.0,1613457379.921359,,2025-01-09T02:13:09.696Z,0.7333897181460723,1497701002.39,2.01583235,0.0,0.0,1650126865.8286629,2025-01-09T02:13:09.696Z,1027.0,Ethereum,ETH,ethereum,0x3073f7aAA4DB83f95e9FFf17424F71D4751a3073
8000,Lido DAO,LDO,lido-dao,470,2020-12-15T00:00:00.000Z,"['defi', 'dao', 'three-arrows-capital-portfolio', 'paradigm-portfolio', 'arbitrum-ecosystem', 'liquid-staking-derivatives', 'optimism-ecosystem', 'standard-crypto-portfolio', 'egirl-capital-portfolio']",,896366955.071101,1000000000.0,False,,71,896046961.4578881,1645520690.0769894,,2025-01-09T02:13:09.696Z,1.8364223761215495,391505576.38,1.38478907,-15.25183251,-1.02036695,1646108333.5085094,2025-01-09T02:13:09.696Z,1027.0,Ethereum,ETH,ethereum,0x5a98fcbea516cf06857215779fd812ca3bef1b32
1765,EOS,EOS,eos,722,2017-07-01T00:00:00.000Z,"['medium-of-exchange', 'enterprise-solutions', 'smart-contracts', 'eos-ecosystem', 'fenbushi-capital-portfolio', 'galaxy-digital-portfolio', 'dwf-labs-portfolio', '2017-2018-alt-season']",,1532621267.7101998,2100000000.0,False,,72,1538903510.8079,1630490086.089638,,2025-01-09T02:13:09.696Z,1.0595141765799576,722902917.31,1.1531547,-19.94702923,-4.90890988,1623833960.4669032,2025-01-09T02:13:09.696Z,,,,,
7950,Flare,FLR,flare,81,2020-12-11T00:00:00.000Z,"['layer-1', 'dwf-labs-portfolio']",,54685077711.29301,102796152744.32396,False,,73,56795369316.506935,1625831625.863434,,2025-01-09T02:13:09.696Z,0.028626130007238185,32894337.06,0.16925769,-10.01891843,-15.49203674,1565422144.0193968,2025-01-09T02:13:09.696Z,,,,,
29420,Virtuals Protocol,VIRTUAL,virtual-protocol,143,2024-02-15T07:33:29.000Z,"['ai-big-data', 'metaverse', 'generative-ai', 'base-ecosystem', 'ai-agents', 'virtuals-protocol-ecosystem', 'ai-agent-launchpad']",1000000000.0,1000000000.0,1000000000.0,False,,74,,,,2025-01-09T02:13:09.696Z,1.546651468827077,130985512.95,1.25584222,-9.1346246,18.4951172,1546651468.827077,2025-01-09T02:13:09.696Z,1027.0,Ethereum,ETH,ethereum,0x44ff8620b8cA30902395A7bD3F2407e1A091BF73
2087,KuCoin Token,KCS,kucoin-token,52,2017-10-24T00:00:00.000Z,"['marketplace', 'centralized-exchange', 'discount-token']",200000000.0,120225681.14607973,142725681.14607975,False,,75,,,,2025-01-09T02:13:09.696Z,12.761299707701426,3117889.62,-0.01365116,-7.20521214,2.30369625,1534235949.6676722,2025-01-09T02:13:09.696Z,1027.0,Ethereum,ETH,ethereum,0xf34960d9d60be18cc1d5afc1a6f012a723a28811
28177,Pyth Network,PYTH,pyth-network,295,2023-11-20T09:42:13.000Z,"['oracles', 'solana-ecosystem', 'cross-chain']",,3624988786.4385667,9999988786.438566,False,,76,1500000000.0,632944479.8980577,,2025-01-09T02:13:09.696Z,0.4219629865987051,320046067.85,1.20263234,-18.16117195,-18.29895092,1529611094.7124333,2025-01-09T02:13:09.696Z,5426.0,Solana,SOL,solana,HZ1JovNiVvGrGNiiYvEozEVgZ58xaU3RKwX8eACQBCt3
29242,Kelp DAO Restaked ETH,RSETH,kelp-dao-restaked-eth,32,2024-01-31T12:20:41.000Z,"['defi', 'ethereum-ecosystem', 'liquid-staking-derivatives', 'restaking', 'eigenlayer-ecosystem', 'rehypothecated-crypto']",,398629.92593366996,398629.92593367,False,,217,157805.104,600089498.4303888,,2025-01-09T02:13:09.696Z,3802.7255343425954,1486516.99,-2.24962743,-7.78310691,1.99275112,1515880198.1010644,2025-01-09T02:13:09.696Z,1027.0,Ethereum,ETH,ethereum,0xA1290d69c65A6Fe4DF752f95823fae25cB99e5A7
32880,Kaia,KAIA,kaia,120,2024-10-29T05:17:50.000Z,"['platform', 'enterprise-solutions', 'layer-1']",,5889850503.320927,5889850503.320927,True,,77,5914596569.016375,1516681722.7662082,,2025-01-09T02:13:09.696Z,0.25643029157920055,162747164.7,1.00178572,-20.53131356,-36.01085315,1510336081.9244864,2025-01-09T02:13:09.696Z,32880.0,KAIA,KAIA,kaia,0x0000000000000000000000000000000000000000
29520,Renzo Restaked ETH,EZETH,renzo-restaked-eth,88,2024-02-23T10:47:27.000Z,"['ethereum-ecosystem', 'liquid-staking-derivatives', 'restaking', 'eigenlayer-ecosystem', 'rehypothecated-crypto']",,393966.73247325,393966.73247325,True,,218,307529.31884762115,1176226917.114235,,2025-01-09T02:13:09.696Z,3824.7635104249944,11081820.65,0.29469813,-6.85873528,2.67447096,1506829582.6850524,2025-01-09T02:13:09.696Z,1027.0,Ethereum,ETH,ethereum,0xbf5495Efe5DB9ce00f80364C8B423567e58d2110
29210,Jupiter,JUP,jupiter-ag,554,2024-01-31T08:38:13.000Z,"['decentralized-exchange-dex-token', 'defi', 'derivatives', 'amm', 'solana-ecosystem', 'cross-chain']",,1350000000.0000002,10000000000.0,False,,78,1500000000.0,1639303201.3405044,,2025-01-09T02:13:09.696Z,1.0928688008936696,410962128.47,0.28375722,-18.54345196,-9.12499031,1475372881.2064543,2025-01-09T02:13:09.696Z,5426.0,Solana,SOL,solana,JUPyiwrYJFskUPiHa7hkeR8VUtAeFoSYbKedZNsDvCN
4558,Flow,FLOW,flow,221,2021-01-27T00:00:00.000Z,"['platform', 'collectibles-nfts', 'staking', 'coinbase-ventures-portfolio', 'coinfund-portfolio', 'dcg-portfolio', 'ledgerprime-portfolio', 'a16z-portfolio', 'animoca-brands-portfolio', 'layer-1', 'alleged-sec-securities']",,1549112753.0589437,1549112753.0589437,True,,79,,,,2025-01-09T02:13:09.696Z,0.9518398560988999,209500863.02,0.95817529,-18.55559469,-10.84364231,1474507259.9525957,2025-01-09T02:13:09.696Z,,,,,
5632,Arweave,AR,arweave,180,2020-05-27T00:00:00.000Z,"['distributed-computing', 'filesharing', 'storage', 'coinbase-ventures-portfolio', 'solana-ecosystem', 'arrington-xrp-capital-portfolio', 'blockchain-capital-portfolio', 'a16z-portfolio', 'multicoin-capital-portfolio', 'web3', 'egirl-capital-portfolio', 'depin']",66000000.0,65652466.0,65652466.0,False,,80,,,,2025-01-09T02:13:09.696Z,22.39892857712075,388229572.59,2.43152124,-16.46314432,-13.29864089,1470544896.8458483,2025-01-09T02:13:09.696Z,,,,,
2011,Tezos,XTZ,tezos,415,2017-10-06T00:00:00.000Z,"['pos', 'platform', 'enterprise-solutions', 'collectibles-nfts', 'defi', 'smart-contracts', 'polychain-capital-portfolio', 'boostvc-portfolio', 'winklevoss-capital-portfolio', 'layer-1', '2017-2018-alt-season']",,1017564484.9518291,1038001381.886515,True,,81,,,,2025-01-09T02:13:09.696Z,1.442495882809609,195233625.3,2.24457206,-17.91229299,-12.11615222,1467832580.0362937,2025-01-09T02:13:09.696Z,,,,,
33312,SolvBTC,SolvBTC,solv-btc,34,2024-10-04T11:10:16.000Z,"['defi', 'bitcoin-ecosystem', 'rehypothecated-crypto']",21000000.0,15009.054822850001,21000000.0,False,,219,21000000.0,2040519643278.204,,2025-01-09T02:13:09.696Z,97167.60206086686,16330275.82,0.40002441,-3.18383981,1.68950259,1458393866.3364234,2025-01-09T02:13:09.696Z,1027.0,Ethereum,ETH,ethereum,0x7a56e1c57c7475ccf742a1832b028f0456652f97
